COUNTRY,DESTINATION,DOMAIN,ACTIVE
FR,SFR,9business.fr,1
FR,SFR,9online.fr,1
AA,Yahoo,aim.com,1
IT,Alice,alice.it,1
FR,FREE,aliceadsl.fr,1
FR,FREE,alicepro.fr,1
AT,Yahoo,aol.at,1
BE,Yahoo,aol.be,1
CH,Yahoo,aol.ch,1
CL,Yahoo,aol.cl,1
NZ,Yahoo,aol.co.nz,1
UK,Yahoo,aol.co.uk,1
AA,Yahoo,aol.com,1
AR,Yahoo,aol.com.ar,1
AU,Yahoo,aol.com.au,1
BR,Yahoo,aol.com.br,1
CO,Yahoo,aol.com.co,1
MX,Yahoo,aol.com.mx,1
TR,Yahoo,aol.com.tr,1
VE,Yahoo,aol.com.ve,1
CZ,Yahoo,aol.cz,1
DE,Yahoo,aol.de,1
DK,Yahoo,aol.dk,1
ES,Yahoo,aol.es,1
FI,Yahoo,aol.fi,1
FR,Yahoo,aol.fr,1
HK,Yahoo,aol.hk,1
IN,Yahoo,aol.in,1
IT,Yahoo,aol.it,1
JP,Yahoo,aol.jp,1
KR,Yahoo,aol.kr,1
NL,Yahoo,aol.nl,1
PL,Yahoo,aol.pl,1
RU,Yahoo,aol.ru,1
SE,Yahoo,aol.se,1
TW,Yahoo,aol.tw,1
DE,Arcor,arcor.de,1
RU,Rambler,autorambler.ru,1
FR,Bouygues,bbox.fr,1
NET,Yahoo,bellatlantic.net,1
RU,Mail.ru,bk.ru,1
IT,Libero,blu.it,1
CH,Bluewin,bluewin.ch,1
UK,Vodafone,blueyonder.co.uk,1
UK,BT,bt.com,1
UK,BT,btconnect.com,1
UK,BT,btinternet.com,1
UK,BT,btopenworld.com,1
FR,GMX,caramail.com,1
FR,SFR,cario.fr,1
FR,SFR,cegetel.net,1
NET,Yahoo,citlink.net,1
FR,SFR,club-internet.fr,1
US,Comcast,comcast.net,1
AA,Yahoo,compuserve.com,1
AA,Yahoo,cs.com,1
AA,Microsoft,dbmail.com,1
IT,EmailIT,email.it,1
AA,Facebook,facebook.com,0
FR,SFR,fnac.net,1
FR,FREE,free.fr,1
DE,Freenet,freenet.de,1
FR,FREE,freesbee.fr,1
AA,Yahoo,frontier.com,1
NET,Yahoo,frontiernet.net,1
AA,Yahoo,games.com,1
IT,Libero,giallo.it,1
AA,Google,gmail.com,1
AT,GMX,gmx.at,1
DE,GMX,gmx.de,1
FR,GMX,gmx.fr,1
DE,GMX,gmx.net,1
AA,Google,googlemail.com,1
AA,Yahoo,goowy.com,1
NET,Yahoo,gte.net,1
FR,SFR,guideo.fr,1
NL,Vodafone,home.nl,1
AC,Microsoft,hotmail.ac,1
AS,Microsoft,hotmail.as,1
AT,Microsoft,hotmail.at,1
BA,Microsoft,hotmail.ba,1
BB,Microsoft,hotmail.bb,1
BE,Microsoft,hotmail.be,1
BS,Microsoft,hotmail.bs,1
CA,Microsoft,hotmail.ca,1
CH,Microsoft,hotmail.ch,1
CL,Microsoft,hotmail.cl,1
AT,Microsoft,hotmail.co.at,1
ID,Microsoft,hotmail.co.id,1
IL,Microsoft,hotmail.co.il,1
IN,Microsoft,hotmail.co.in,1
JP,Microsoft,hotmail.co.jp,1
KR,Microsoft,hotmail.co.kr,1
NZ,Microsoft,hotmail.co.nz,1
PN,Microsoft,hotmail.co.pn,1
TH,Microsoft,hotmail.co.th,1
UG,Microsoft,hotmail.co.ug,1
UK,Microsoft,hotmail.co.uk,1
VE,Microsoft,hotmail.co.ve,1
ZA,Microsoft,hotmail.co.za,1
AA,Microsoft,hotmail.com,1
AR,Microsoft,hotmail.com.ar,1
AU,Microsoft,hotmail.com.au,1
BO,Microsoft,hotmail.com.bo,1
BR,Microsoft,hotmail.com.br,1
DO,Microsoft,hotmail.com.do,1
HK,Microsoft,hotmail.com.hk,1
LY,Microsoft,hotmail.com.ly,1
MY,Microsoft,hotmail.com.my,1
PH,Microsoft,hotmail.com.ph,1
PL,Microsoft,hotmail.com.pl,1
RU,Microsoft,hotmail.com.ru,1
SG,Microsoft,hotmail.com.sg,1
TR,Microsoft,hotmail.com.tr,1
TT,Microsoft,hotmail.com.tt,1
TW,Microsoft,hotmail.com.tw,1
UZ,Microsoft,hotmail.com.uz,1
VE,Microsoft,hotmail.com.ve,1
VN,Microsoft,hotmail.com.vn,1
CZ,Microsoft,hotmail.cz,1
DE,Microsoft,hotmail.de,1
DK,Microsoft,hotmail.dk,1
EE,Microsoft,hotmail.ee,1
ES,Microsoft,hotmail.es,1
FI,Microsoft,hotmail.fi,1
FR,Microsoft,hotmail.fr,1
GR,Microsoft,hotmail.gr,1
HK,Microsoft,hotmail.hk,1
HU,Microsoft,hotmail.hu,1
IE,Microsoft,hotmail.ie,1
IT,Microsoft,hotmail.it,1
JP,Microsoft,hotmail.jp,1
LA,Microsoft,hotmail.la,1
LT,Microsoft,hotmail.lt,1
LU,Microsoft,hotmail.lu,1
LV,Microsoft,hotmail.lv,1
LY,Microsoft,hotmail.ly,1
MN,Microsoft,hotmail.mn,1
MW,Microsoft,hotmail.mw,1
MY,Microsoft,hotmail.my,1
FJ,Microsoft,hotmail.net.fj,1
NL,Microsoft,hotmail.nl,1
NO,Microsoft,hotmail.no,1
PH,Microsoft,hotmail.ph,1
PN,Microsoft,hotmail.pn,1
PT,Microsoft,hotmail.pt,1
RS,Microsoft,hotmail.rs,1
SE,Microsoft,hotmail.se,1
SG,Microsoft,hotmail.sg,1
SH,Microsoft,hotmail.sh,1
SK,Microsoft,hotmail.sk,1
UA,Microsoft,hotmail.ua,1
VU,Microsoft,hotmail.vu,1
AA,Apple,icloud.com,1
FR,FREE,infonie.fr,1
FR,Laposte,laposte.net,1
RU,Rambler,lenta.ru,1
IT,Libero,libero.it,1
FR,FREE,libertysurf.fr,1
AT,Microsoft,live.at,1
BE,Microsoft,live.be,1
CA,Microsoft,live.ca,1
CH,Microsoft,live.ch,1
CL,Microsoft,live.cl,1
CN,Microsoft,live.cn,1
IN,Microsoft,live.co.in,1
KR,Microsoft,live.co.kr,1
UK,Microsoft,live.co.uk,1
ZA,Microsoft,live.co.za,1
AA,Microsoft,live.com,1
AR,Microsoft,live.com.ar,1
AU,Microsoft,live.com.au,1
CO,Microsoft,live.com.co,1
GT,Microsoft,live.com.gt,1
MX,Microsoft,live.com.mx,1
MY,Microsoft,live.com.my,1
PE,Microsoft,live.com.pe,1
PH,Microsoft,live.com.ph,1
PK,Microsoft,live.com.pk,1
PT,Microsoft,live.com.pt,1
SG,Microsoft,live.com.sg,1
VE,Microsoft,live.com.ve,1
DE,Microsoft,live.de,1
DK,Microsoft,live.dk,1
FI,Microsoft,live.fi,1
FR,Microsoft,live.fr,1
HK,Microsoft,live.hk,1
IE,Microsoft,live.ie,1
IN,Microsoft,live.in,1
IS,Microsoft,live.is,1
IT,Microsoft,live.it,1
JP,Microsoft,live.jp,1
MK,Microsoft,live.mk,1
NL,Microsoft,live.nl,1
NO,Microsoft,live.no,1
PH,Microsoft,live.ph,1
RU,Microsoft,live.ru,1
SE,Microsoft,live.se,1
WF,Microsoft,live.wf,1
AA,Yahoo,love.com,1
AA,Apple,mac.com,1
FR,SFR,mageos.com,1
AA,MailCOM,mail.com,1
RU,Mail.ru,mail.ru,1
AA,Apple,me.com,1
ES,Movistar,movistar.es,1
CN,Microsoft,msn.cn,1
NZ,Microsoft,msn.co.nz,1
AA,Microsoft,msn.com,1
MV,Microsoft,msn.mv,1
AU,Microsoft,msn.net.au,1
NL,Microsoft,msn.nl,1
UK,BT,mybtinternet.com,1
RU,Rambler,myrambler.ru,1
AA,Yahoo,netscape.com,1
NET,Yahoo,netscape.net,1
FR,SFR,neuf.fr,1
FR,SFR,noos.fr,1
UK,Virgin,ntlworld.com,1
FR,SFR,numericable.fr,1
PL,O2,o2.pl,1
DE,1&1,online.de,1
FR,FREE,online.fr,1
ES,Vodafone,ono.com,1
FR,Orange,orange.fr,1
AT,Microsoft,outlook.at,1
AX,Microsoft,outlook.ax,1
BE,Microsoft,outlook.be,1
BG,Microsoft,outlook.bg,1
BZ,Microsoft,outlook.bz,1
CL,Microsoft,outlook.cl,1
CM,Microsoft,outlook.cm,1
CO,Microsoft,outlook.co,1
AO,Microsoft,outlook.co.ao,1
CR,Microsoft,outlook.co.cr,1
ID,Microsoft,outlook.co.id,1
IL,Microsoft,outlook.co.il,1
JP,Microsoft,outlook.co.jp,1
NZ,Microsoft,outlook.co.nz,1
TH,Microsoft,outlook.co.th,1
AA,Microsoft,outlook.com,1
AR,Microsoft,outlook.com.ar,1
AU,Microsoft,outlook.com.au,1
BR,Microsoft,outlook.com.br,1
CN,Microsoft,outlook.com.cn,1
ES,Microsoft,outlook.com.es,1
GR,Microsoft,outlook.com.gr,1
HR,Microsoft,outlook.com.hr,1
PE,Microsoft,outlook.com.pe,1
PY,Microsoft,outlook.com.py,1
TR,Microsoft,outlook.com.tr,1
UA,Microsoft,outlook.com.ua,1
VN,Microsoft,outlook.com.vn,1
CZ,Microsoft,outlook.cz,1
DE,Microsoft,outlook.de,1
DK,Microsoft,outlook.dk,1
EC,Microsoft,outlook.ec,1
ES,Microsoft,outlook.es,1
FR,Microsoft,outlook.fr,1
HN,Microsoft,outlook.hn,1
HT,Microsoft,outlook.ht,1
HU,Microsoft,outlook.hu,1
IE,Microsoft,outlook.ie,1
IN,Microsoft,outlook.in,1
IT,Microsoft,outlook.it,1
JP,Microsoft,outlook.jp,1
KR,Microsoft,outlook.kr,1
LA,Microsoft,outlook.la,1
LV,Microsoft,outlook.lv,1
MX,Microsoft,outlook.mx,1
MY,Microsoft,outlook.my,1
PA,Microsoft,outlook.pa,1
PH,Microsoft,outlook.ph,1
PK,Microsoft,outlook.pk,1
PT,Microsoft,outlook.pt,1
RO,Microsoft,outlook.ro,1
SA,Microsoft,outlook.sa,1
SG,Microsoft,outlook.sg,1
SI,Microsoft,outlook.si,1
SK,Microsoft,outlook.sk,1
UY,Microsoft,outlook.uy,1
RU,Rambler,r0.ru,1
RU,Rambler,rambler.ru,1
RU,Rambler,ro.ru,1
AA,Yahoo,rocketmail.com,1
AA,Yahoo,rogers.com,1
FR,SFR,sfr.fr,1
UK,Sky,sky.com,1
AA,Yahoo,sky.com,1
BE,Proximus,skynet.be,1
DE,T-online,t-online.de,1
UK,BT,talk21.com,1
UK,TalkTalk,talktalk.net,1
ES,Movistar,telefonica.es,1
BE,Telenet,telenet.be,1
IT,Alice,tim.it,1
IT,Alice,tin.it,1
UK,TalkTalk,tiscali.co.uk,1
IT,Tiscali,tiscali.it,1
US,Verizon,verizon.net,1
NET,Yahoo,verizon.net,1
IN,Yahoo,verizon.net.in,1
IT,Yahoo,verizonmedia.it,1
IT,Alice,virgilio.it,1
UK,Virgin,virgin.net,1
UK,Virgin,virginmedia.com,1
FR,Voila,voila.fr,0
FR,SFR,waika9.com,1
FR,Orange,wanadoo.fr,1
DE,1&1,web.de,1
NET,Microsoft,webtv.net,1
AA,Yahoo,wild4music.com,1
AA,Microsoft,windowslive.com,1
ES,Microsoft,windowslive.es,1
AA,Yahoo,wmconnect.com,1
FR,FREE,worldonline.fr,1
AA,Yahoo,wow.com,1
PL,WPPL,wp.pl,1
AA,Yahoo,y7mail.com,1
AT,Yahoo,yahoo.at,1
BE,Yahoo,yahoo.be,1
BG,Yahoo,yahoo.bg,1
CA,Yahoo,yahoo.ca,1
CL,Yahoo,yahoo.cl,1
HU,Yahoo,yahoo.co.hu,1
ID,Yahoo,yahoo.co.id,1
IL,Yahoo,yahoo.co.il,1
IN,Yahoo,yahoo.co.in,1
JP,Yahoo,yahoo.co.jp,1
KR,Yahoo,yahoo.co.kr,1
NZ,Yahoo,yahoo.co.nz,1
TH,Yahoo,yahoo.co.th,1
UK,Yahoo,yahoo.co.uk,1
ZA,Yahoo,yahoo.co.za,1
AA,Yahoo,yahoo.com,1
AR,Yahoo,yahoo.com.ar,1
AU,Yahoo,yahoo.com.au,1
BR,Yahoo,yahoo.com.br,1
CO,Yahoo,yahoo.com.co,1
HK,Yahoo,yahoo.com.hk,1
HR,Yahoo,yahoo.com.hr,1
MX,Yahoo,yahoo.com.mx,1
MY,Yahoo,yahoo.com.my,1
PE,Yahoo,yahoo.com.pe,1
PH,Yahoo,yahoo.com.ph,1
SG,Yahoo,yahoo.com.sg,1
TR,Yahoo,yahoo.com.tr,1
TW,Yahoo,yahoo.com.tw,1
UA,Yahoo,yahoo.com.ua,1
VE,Yahoo,yahoo.com.ve,1
VN,Yahoo,yahoo.com.vn,1
CZ,Yahoo,yahoo.cz,1
DE,Yahoo,yahoo.de,1
DK,Yahoo,yahoo.dk,1
EE,Yahoo,yahoo.ee,1
ES,Yahoo,yahoo.es,1
FI,Yahoo,yahoo.fi,1
FR,Yahoo,yahoo.fr,1
GR,Yahoo,yahoo.gr,1
HU,Yahoo,yahoo.hu,1
IE,Yahoo,yahoo.ie,1
IN,Yahoo,yahoo.in,1
IT,Yahoo,yahoo.it,1
LT,Yahoo,yahoo.lt,1
LV,Yahoo,yahoo.lv,1
JP,Yahoo,yahoo.ne.jp,1
NL,Yahoo,yahoo.nl,1
NO,Yahoo,yahoo.no,1
PL,Yahoo,yahoo.pl,1
PT,Yahoo,yahoo.pt,1
RO,Yahoo,yahoo.ro,1
RS,Yahoo,yahoo.rs,1
SE,Yahoo,yahoo.se,1
SI,Yahoo,yahoo.si,1
SK,Yahoo,yahoo.sk,1
NZ,Yahoo,yahooxtra.co.nz,1
JP,Yahoo,ybb.ne.jp,1
AA,Yahoo,ygm.com,1
AA,Yahoo,ymail.com,1
